GEOID,County,Census_Tract,Poverty_Rate ,Median_Family_Income
06001401000,Alameda,Census Tract 4010,27.2,52366
06001401400,Alameda,Census Tract 4014,40.7,29868
06001401500,Alameda,Census Tract 4015,23,51765
06001401600,Alameda,Census Tract 4016,30.3,39000
06001401700,Alameda,Census Tract 4017,22.2,52083
06001402200,Alameda,Census Tract 4022,25.9,36094
06001402400,Alameda,Census Tract 4024,27.5,34323
06001402500,Alameda,Census Tract 4025,49.6,17750
06001402600,Alameda,Census Tract 4026,42.8,19531
06001402700,Alameda,Census Tract 4027,31,(X)
06001402800,Alameda,Census Tract 4028,43.3,37986
06001403300,Alameda,Census Tract 4033,22.9,34563
06001405901,Alameda,Census Tract 4059.01,32.4,31471
06001405902,Alameda,Census Tract 4059.02,34.4,37964
06001406000,Alameda,Census Tract 4060,35.8,20586
06001406100,Alameda,Census Tract 4061,26.3,42373
06001406201,Alameda,Census Tract 4062.01,35,32857
06001406202,Alameda,Census Tract 4062.02,38.7,28333
06001407200,Alameda,Census Tract 4072,35.8,36437
06001407300,Alameda,Census Tract 4073,23.9,50089
06001408400,Alameda,Census Tract 4084,36.7,30800
06001408500,Alameda,Census Tract 4085,24.7,49528
06001408600,Alameda,Census Tract 4086,32.5,30078
06001408700,Alameda,Census Tract 4087,32.3,37713
06001408800,Alameda,Census Tract 4088,35.7,30000
06001408900,Alameda,Census Tract 4089,49.6,27070
06001409000,Alameda,Census Tract 4090,25.1,51413
06001409500,Alameda,Census Tract 4095,34.2,31574
06001409700,Alameda,Census Tract 4097,24.6,40464
06001410500,Alameda,Census Tract 4105,39.9,27617
06001422900,Alameda,Census Tract 4229,44.6,47963
06001423200,Alameda,Census Tract 4232,20.2,79063
06001423500,Alameda,Census Tract 4235,18.5,77850
06001423901,Alameda,Census Tract 4239.01,16.2,81786
06001424001,Alameda,Census Tract 4240.01,22,55417
06001433102,Alameda,Census Tract 4331.02,5.2,74764
06001433700,Alameda,Census Tract 4337,9,70417
06001433800,Alameda,Census Tract 4338,8.3,57719
06001434000,Alameda,Census Tract 4340,24.6,51107
06001435400,Alameda,Census Tract 4354,14.9,55817
06001435602,Alameda,Census Tract 4356.02,27,56116
06001437500,Alameda,Census Tract 4375,33.3,41250
06001437600,Alameda,Census Tract 4376,12.7,64718
06001437701,Alameda,Census Tract 4377.01,25.6,43380
06001438201,Alameda,Census Tract 4382.01,8.7,63911
06001441923,Alameda,Census Tract 4419.23,14.1,74928
06001451404,Alameda,Census Tract 4514.04,11.9,61357
06003010000,Alpine,Census Tract 100,17.5,67188
06005000102,Amador,Census Tract 1.02,16.3,66875
06007000502,Butte,Census Tract 5.02,59.2,22356
06007000604,Butte,Census Tract 6.04,61.1,17969
06007001000,Butte,Census Tract 10,36,34867
06007001100,Butte,Census Tract 11,50.8,41397
06007001200,Butte,Census Tract 12,39,38875
06007001300,Butte,Census Tract 13,44.6,31563
06007002800,Butte,Census Tract 28,37.1,33829
06007003001,Butte,Census Tract 30.01,44.3,33167
06007003002,Butte,Census Tract 30.02,37.1,39617
06009000400,Calaveras,Census Tract 4,25,47763
06011000300,Colusa,Census Tract 3,13.8,55862
06011000500,Colusa,Census Tract 5,16.8,50613
06013306002,Contra Costa,Census Tract 3060.02,10.2,69421
06013307201,Contra Costa,Census Tract 3072.01,20.7,44398
06013307202,Contra Costa,Census Tract 3072.02,33.9,26563
06013307205,Contra Costa,Census Tract 3072.05,18.8,61063
06013312000,Contra Costa,Census Tract 3120,37.1,38026
06013313101,Contra Costa,Census Tract 3131.01,28.3,47026
06013313206,Contra Costa,Census Tract 3132.06,27.2,55154
06013314103,Contra Costa,Census Tract 3141.03,32.1,40539
06013314104,Contra Costa,Census Tract 3141.04,30.2,41510
06013328000,Contra Costa,Census Tract 3280,23.5,44432
06013336101,Contra Costa,Census Tract 3361.01,27.1,40143
06013336202,Contra Costa,Census Tract 3362.02,37.1,31542
06013337200,Contra Costa,Census Tract 3372,10.9,72633
06013365002,Contra Costa,Census Tract 3650.02,33.9,40118
06013369001,Contra Costa,Census Tract 3690.01,35.1,37090
06013376000,Contra Costa,Census Tract 3760,34.2,37500
06013386000,Contra Costa,Census Tract 3860,18.6,66094
06015000101,Del Norte,Census Tract 1.01,31.6,27994
06015000102,Del Norte,Census Tract 1.02,25.3,53901
06017030302,El Dorado,Census Tract 303.02,24.6,34938
06017031600,El Dorado,Census Tract 316,23.5,33496
06017031900,El Dorado,Census Tract 319,22.6,74750
06019000100,Fresno,Census Tract 1,67.3,(X)
06019000200,Fresno,Census Tract 2,56.4,20000
06019000300,Fresno,Census Tract 3,56,33212
06019000400,Fresno,Census Tract 4,50.4,25881
06019000501,Fresno,Census Tract 5.01,51.4,20726
06019000502,Fresno,Census Tract 5.02,39.2,29155
06019000600,Fresno,Census Tract 6,65.4,16500
06019000700,Fresno,Census Tract 7,39.9,29875
06019000800,Fresno,Census Tract 8,50.8,24489
06019000901,Fresno,Census Tract 9.01,45,27551
06019000902,Fresno,Census Tract 9.02,61.4,22083
06019001000,Fresno,Census Tract 10,44,25601
06019001100,Fresno,Census Tract 11,45.3,30565
06019001201,Fresno,Census Tract 12.01,49.6,25000
06019001202,Fresno,Census Tract 12.02,36.7,27781
06019001301,Fresno,Census Tract 13.01,50.1,27256
06019001303,Fresno,Census Tract 13.03,40.9,29500
06019001407,Fresno,Census Tract 14.07,52.7,17327
06019001410,Fresno,Census Tract 14.10,22.8,50951
06019001411,Fresno,Census Tract 14.11,28.5,42377
06019001500,Fresno,Census Tract 15,36.9,38514
06019001700,Fresno,Census Tract 17,29,50500
06019001800,Fresno,Census Tract 18,17.8,53926
06019001900,Fresno,Census Tract 19,24.1,52760
06019002000,Fresno,Census Tract 20,48,21657
06019002300,Fresno,Census Tract 23,38.4,34832
06019002400,Fresno,Census Tract 24,47.2,28371
06019002501,Fresno,Census Tract 25.01,57.3,19923
06019002602,Fresno,Census Tract 26.02,26.8,31348
06019002702,Fresno,Census Tract 27.02,49.8,25362
06019002800,Fresno,Census Tract 28,53.9,22197
06019002903,Fresno,Census Tract 29.03,51.9,24398
06019003500,Fresno,Census Tract 35,39,47384
06019004505,Fresno,Census Tract 45.05,38.2,29557
06019004901,Fresno,Census Tract 49.01,38.8,27478
06019005000,Fresno,Census Tract 50,33.7,37941
06019005100,Fresno,Census Tract 51,35.2,33171
06019005403,Fresno,Census Tract 54.03,53.1,21212
06019005408,Fresno,Census Tract 54.08,72.3,8510
06019006201,Fresno,Census Tract 62.01,32.8,31797
06019006202,Fresno,Census Tract 62.02,28.7,41901
06019006501,Fresno,Census Tract 65.01,51.7,23922
06019006602,Fresno,Census Tract 66.02,45.9,28472
06019007802,Fresno,Census Tract 78.02,46.7,20316
06019008200,Fresno,Census Tract 82,44.5,27089
06019008302,Fresno,Census Tract 83.02,51.7,26719
06019008501,Fresno,Census Tract 85.01,58.7,25439
06021010100,Glenn,Census Tract 101,27.2,39384
06021010200,Glenn,Census Tract 102,22.2,55250
06023000100,Humboldt,Census Tract 1,33,37647
06023000300,Humboldt,Census Tract 3,34.8,44087
06023000500,Humboldt,Census Tract 5,29.4,31034
06023001300,Humboldt,Census Tract 13,24.3,43750
06023010102,Humboldt,Census Tract 101.02,35.8,49605
06023010501,Humboldt,Census Tract 105.01,15.5,50471
06023940000,Humboldt,Census Tract 9400,35.9,38125
06025010400,Imperial,Census Tract 104,37.6,28788
06025010900,Imperial,Census Tract 109,36.3,29450
06025011300,Imperial,Census Tract 113,16.4,45330
06025011400,Imperial,Census Tract 114,30.5,31577
06025011900,Imperial,Census Tract 119,17.1,46810
06025012100,Imperial,Census Tract 121,50.4,25159
06025012200,Imperial,Census Tract 122,29.8,36273
06027000400,Inyo,Census Tract 4,16.4,45938
06027000800,Inyo,Census Tract 8,15.9,41900
06029000200,Kern,Census Tract 2,47.7,25815
06029000300,Kern,Census Tract 3,42.7,26897
06029000400,Kern,Census Tract 4,45.3,24158
06029000600,Kern,Census Tract 6,47.4,22230
06029001202,Kern,Census Tract 12.02,59.7,22045
06029001400,Kern,Census Tract 14,60.2,23189
06029001600,Kern,Census Tract 16,32.5,30547
06029001902,Kern,Census Tract 19.02,36.4,29665
06029002000,Kern,Census Tract 20,44.6,26470
06029002100,Kern,Census Tract 21,51.4,23286
06029002200,Kern,Census Tract 22,59,21535
06029002301,Kern,Census Tract 23.01,34.9,27297
06029002302,Kern,Census Tract 23.02,40,30962
06029002400,Kern,Census Tract 24,25.8,38235
06029002500,Kern,Census Tract 25,46.3,28161
06029002600,Kern,Census Tract 26,29.5,35703
06029003103,Kern,Census Tract 31.03,25.6,34981
06029003121,Kern,Census Tract 31.21,33,37893
06029003303,Kern,Census Tract 33.03,34,44615
06029003500,Kern,Census Tract 35,21.2,50266
06029004101,Kern,Census Tract 41.01,22.6,49826
06029004401,Kern,Census Tract 44.01,23.6,47748
06029004402,Kern,Census Tract 44.02,57.1,22252
06029004701,Kern,Census Tract 47.01,41.2,33042
06029004800,Kern,Census Tract 48,50.2,25908
06029005003,Kern,Census Tract 50.03,37,28919
06029005300,Kern,Census Tract 53,33.5,30938
06029005507,Kern,Census Tract 55.07,20.2,62346
06029005600,Kern,Census Tract 56,33.4,38859
06029005802,Kern,Census Tract 58.02,29.8,49167
06029005900,Kern,Census Tract 59,32.2,42056
06029006100,Kern,Census Tract 61,23.1,56940
06029006303,Kern,Census Tract 63.03,33.1,32539
06029006304,Kern,Census Tract 63.04,35.7,25087
06029006401,Kern,Census Tract 64.01,39.3,29659
06031001100,Kings,Census Tract 11,36.5,31284
06031001300,Kings,Census Tract 13,48.1,21750
06031001402,Kings,Census Tract 14.02,51.9,25804
06031001601,Kings,Census Tract 16.01,36.4,33125
06031001701,Kings,Census Tract 17.01,36.4,32743
06033000702,Lake,Census Tract 7.02,38.4,30271
06033000801,Lake,Census Tract 8.01,47.5,22239
06033000802,Lake,Census Tract 8.02,43.8,26387
06035040303,Lassen,Census Tract 403.03,31.5,64632
06035040304,Lassen,Census Tract 403.04,29.1,41406
06037102105,Los Angeles,Census Tract 1021.05,17.7,37308
06037104201,Los Angeles,Census Tract 1042.01,23.1,46193
06037104203,Los Angeles,Census Tract 1042.03,22.4,46034
06037104310,Los Angeles,Census Tract 1043.10,21.5,46809
06037104320,Los Angeles,Census Tract 1043.20,20.5,44594
06037104404,Los Angeles,Census Tract 1044.04,23.7,34769
06037104701,Los Angeles,Census Tract 1047.01,41.3,26431
06037104703,Los Angeles,Census Tract 1047.03,32.8,38750
06037104704,Los Angeles,Census Tract 1047.04,24.6,42742
06037106520,Los Angeles,Census Tract 1065.20,21.3,62788
06037106604,Los Angeles,Census Tract 1066.04,26.3,55660
06037113233,Los Angeles,Census Tract 1132.33,21.2,42383
06037113234,Los Angeles,Census Tract 1132.34,25.5,50233
06037113421,Los Angeles,Census Tract 1134.21,25.4,45500
06037115103,Los Angeles,Census Tract 1151.03,65.7,(X)
06037115201,Los Angeles,Census Tract 1152.01,23.2,62717
06037120010,Los Angeles,Census Tract 1200.10,19.8,45463
06037120020,Los Angeles,Census Tract 1200.20,21,32464
06037120030,Los Angeles,Census Tract 1200.30,46.5,25651
06037120103,Los Angeles,Census Tract 1201.03,51.8,20893
06037121101,Los Angeles,Census Tract 1211.01,27.4,41797
06037121801,Los Angeles,Census Tract 1218.01,27.3,36536
06037121900,Los Angeles,Census Tract 1219,17.5,53789
06037122120,Los Angeles,Census Tract 1221.20,15,52057
06037122121,Los Angeles,Census Tract 1221.21,20.7,44118
06037122122,Los Angeles,Census Tract 1221.22,23.7,34674
06037122200,Los Angeles,Census Tract 1222,9.8,56991
06037122410,Los Angeles,Census Tract 1224.10,34.1,29013
06037123020,Los Angeles,Census Tract 1230.20,21.1,58143
06037123103,Los Angeles,Census Tract 1231.03,16.7,45203
06037123203,Los Angeles,Census Tract 1232.03,32.4,33594
06037123205,Los Angeles,Census Tract 1232.05,24.6,36875
06037123206,Los Angeles,Census Tract 1232.06,32.4,35373
06037123303,Los Angeles,Census Tract 1233.03,23.5,39722
06037123420,Los Angeles,Census Tract 1234.20,27.1,41090
06037123901,Los Angeles,Census Tract 1239.01,18.7,52000
06037124102,Los Angeles,Census Tract 1241.02,20.9,41373
06037124103,Los Angeles,Census Tract 1241.03,33.4,32500
06037124104,Los Angeles,Census Tract 1241.04,28.3,40208
06037124105,Los Angeles,Census Tract 1241.05,35.4,36417
06037124204,Los Angeles,Census Tract 1242.04,33.8,37153
06037125310,Los Angeles,Census Tract 1253.10,27.2,45862
06037125320,Los Angeles,Census Tract 1253.20,29.7,38519
06037127210,Los Angeles,Census Tract 1272.10,20.1,48071
06037127300,Los Angeles,Census Tract 1273,20.4,49475
06037127400,Los Angeles,Census Tract 1274,32.1,32723
06037127520,Los Angeles,Census Tract 1275.20,35.6,30069
06037127712,Los Angeles,Census Tract 1277.12,28.1,36756
06037127803,Los Angeles,Census Tract 1278.03,23.6,41607
06037127804,Los Angeles,Census Tract 1278.04,19.2,41458
06037127805,Los Angeles,Census Tract 1278.05,29,40060
06037127806,Los Angeles,Census Tract 1278.06,24.6,29750
06037127910,Los Angeles,Census Tract 1279.10,28.7,36208
06037128210,Los Angeles,Census Tract 1282.10,40.3,26663
06037128302,Los Angeles,Census Tract 1283.02,33.2,33654
06037128303,Los Angeles,Census Tract 1283.03,45.4,21906
06037132300,Los Angeles,Census Tract 1323,28.4,41012
06037134305,Los Angeles,Census Tract 1343.05,34.1,37296
06037134520,Los Angeles,Census Tract 1345.20,24.7,40183
06037134521,Los Angeles,Census Tract 1345.21,27.4,35655
06037134522,Los Angeles,Census Tract 1345.22,21.1,34909
06037134903,Los Angeles,Census Tract 1349.03,16.3,43233
06037135114,Los Angeles,Census Tract 1351.14,18.6,72257
06037185203,Los Angeles,Census Tract 1852.03,18.6,45893
06037185320,Los Angeles,Census Tract 1853.20,22.4,36196
06037186401,Los Angeles,Census Tract 1864.01,31.6,31017
06037186404,Los Angeles,Census Tract 1864.04,25.3,45882
06037187102,Los Angeles,Census Tract 1871.02,11.8,52813
06037187200,Los Angeles,Census Tract 1872,23.3,42610
06037190100,Los Angeles,Census Tract 1901,23.2,49816
06037190201,Los Angeles,Census Tract 1902.01,38.7,(X)
06037190202,Los Angeles,Census Tract 1902.02,37,66813
06037190510,Los Angeles,Census Tract 1905.10,33.2,36394
06037190700,Los Angeles,Census Tract 1907,26.3,52275
06037190801,Los Angeles,Census Tract 1908.01,39.5,19386
06037190802,Los Angeles,Census Tract 1908.02,22.8,55053
06037190901,Los Angeles,Census Tract 1909.01,35.8,30652
06037190902,Los Angeles,Census Tract 1909.02,30,31146
06037191000,Los Angeles,Census Tract 1910,23.6,33897
06037191110,Los Angeles,Census Tract 1911.10,22,33724
06037191120,Los Angeles,Census Tract 1911.20,29.1,31587
06037191201,Los Angeles,Census Tract 1912.01,30.9,27969
06037191203,Los Angeles,Census Tract 1912.03,29.8,26250
06037191204,Los Angeles,Census Tract 1912.04,15.8,39688
06037191410,Los Angeles,Census Tract 1914.10,36.3,31935
06037191420,Los Angeles,Census Tract 1914.20,29.9,32276
06037191500,Los Angeles,Census Tract 1915,29.8,40586
06037191710,Los Angeles,Census Tract 1917.10,38.4,21853
06037191720,Los Angeles,Census Tract 1917.20,41.1,31087
06037191810,Los Angeles,Census Tract 1918.10,32.1,31875
06037191820,Los Angeles,Census Tract 1918.20,17.6,46833
06037192610,Los Angeles,Census Tract 1926.10,29.6,30972
06037192620,Los Angeles,Census Tract 1926.20,29.2,34615
06037192700,Los Angeles,Census Tract 1927,33,37829
06037199000,Los Angeles,Census Tract 1990,32.5,34804
06037199120,Los Angeles,Census Tract 1991.20,48.3,26682
06037199201,Los Angeles,Census Tract 1992.01,28.2,42298
06037199202,Los Angeles,Census Tract 1992.02,23.6,44464
06037199700,Los Angeles,Census Tract 1997,35.4,30436
06037199800,Los Angeles,Census Tract 1998,30.1,34758
06037199900,Los Angeles,Census Tract 1999,36.6,30000
06037201402,Los Angeles,Census Tract 2014.02,13.8,55441
06037201700,Los Angeles,Census Tract 2017,26.5,58839
06037203300,Los Angeles,Census Tract 2033,33.7,30357
06037203500,Los Angeles,Census Tract 2035,30.8,36667
06037204920,Los Angeles,Census Tract 2049.20,33.7,33304
06037205120,Los Angeles,Census Tract 2051.20,36.9,26786
06037206020,Los Angeles,Census Tract 2060.20,11.8,85000
06037206031,Los Angeles,Census Tract 2060.31,12.5,103750
06037206032,Los Angeles,Census Tract 2060.32,35.8,26742
06037206200,Los Angeles,Census Tract 2062,45.2,27092
06037206300,Los Angeles,Census Tract 2063,80.7,-
06037208801,Los Angeles,Census Tract 2088.01,35.3,25768
06037208902,Los Angeles,Census Tract 2089.02,47.7,20815
06037208903,Los Angeles,Census Tract 2089.03,41.6,25959
06037209401,Los Angeles,Census Tract 2094.01,47.8,23371
06037211120,Los Angeles,Census Tract 2111.20,20.3,40000
06037211122,Los Angeles,Census Tract 2111.22,27.3,41823
06037211201,Los Angeles,Census Tract 2112.01,26.5,30152
06037211202,Los Angeles,Census Tract 2112.02,30.3,33875
06037211310,Los Angeles,Census Tract 2113.10,34.9,31319
06037211320,Los Angeles,Census Tract 2113.20,23.1,29880
06037211802,Los Angeles,Census Tract 2118.02,20,38179
06037212101,Los Angeles,Census Tract 2121.01,25.4,36919
06037212102,Los Angeles,Census Tract 2121.02,31.6,28291
06037212203,Los Angeles,Census Tract 2122.03,47,21462
06037212204,Los Angeles,Census Tract 2122.04,43.2,24503
06037212303,Los Angeles,Census Tract 2123.03,43.3,18886
06037212304,Los Angeles,Census Tract 2123.04,34.7,26172
06037212410,Los Angeles,Census Tract 2124.10,20.3,41552
06037213201,Los Angeles,Census Tract 2132.01,27.5,30804
06037213310,Los Angeles,Census Tract 2133.10,24,35846
06037213320,Los Angeles,Census Tract 2133.20,23.3,35897
06037213402,Los Angeles,Census Tract 2134.02,31.6,30262
06037218300,Los Angeles,Census Tract 2183,22.2,40275
06037218400,Los Angeles,Census Tract 2184,28.4,35592
06037218500,Los Angeles,Census Tract 2185,28.6,52656
06037218702,Los Angeles,Census Tract 2187.02,29.7,41292
06037219300,Los Angeles,Census Tract 2193,28.4,27958
06037219800,Los Angeles,Census Tract 2198,34.6,32425
06037219901,Los Angeles,Census Tract 2199.01,37.9,29667
06037219902,Los Angeles,Census Tract 2199.02,18.5,38100
06037220000,Los Angeles,Census Tract 2200,25.1,45450
06037220100,Los Angeles,Census Tract 2201,27.7,(X)
06037222700,Los Angeles,Census Tract 2227,88.3,-
06037224010,Los Angeles,Census Tract 2240.10,47.5,18878
06037224020,Los Angeles,Census Tract 2240.20,44.6,21731
06037224200,Los Angeles,Census Tract 2242,32.6,28162
06037224600,Los Angeles,Census Tract 2246,47,22500
06037224700,Los Angeles,Census Tract 2247,81.3,14099
06037226001,Los Angeles,Census Tract 2260.01,34.3,37632
06037226002,Los Angeles,Census Tract 2260.02,39.4,31484
06037226410,Los Angeles,Census Tract 2264.10,44.8,36233
06037226420,Los Angeles,Census Tract 2264.20,36.6,25371
06037227010,Los Angeles,Census Tract 2270.10,38.1,32813
06037228600,Los Angeles,Census Tract 2286,50.5,21375
06037231100,Los Angeles,Census Tract 2311,54.2,26859
06037231210,Los Angeles,Census Tract 2312.10,31.7,24929
06037231220,Los Angeles,Census Tract 2312.20,42.6,30273
06037231300,Los Angeles,Census Tract 2313,43.5,25849
06037231400,Los Angeles,Census Tract 2314,23.6,36168
06037231500,Los Angeles,Census Tract 2315,16.2,47216
06037231600,Los Angeles,Census Tract 2316,31.8,40350
06037231800,Los Angeles,Census Tract 2318,52.2,20974
06037232400,Los Angeles,Census Tract 2324,26,37612
06037232500,Los Angeles,Census Tract 2325,34,36071
06037234501,Los Angeles,Census Tract 2345.01,19.7,48576
06037234502,Los Angeles,Census Tract 2345.02,26.6,35379
06037234600,Los Angeles,Census Tract 2346,28,42270
06037236100,Los Angeles,Census Tract 2361,30,35884
06037237202,Los Angeles,Census Tract 2372.02,21.2,44526
06037239202,Los Angeles,Census Tract 2392.02,29.4,36086
06037239330,Los Angeles,Census Tract 2393.30,35.4,35030
06037241001,Los Angeles,Census Tract 2410.01,47,36607
06037242000,Los Angeles,Census Tract 2420,40.3,33438
06037242100,Los Angeles,Census Tract 2421,69.9,16250
06037242200,Los Angeles,Census Tract 2422,42.1,31515
06037242300,Los Angeles,Census Tract 2423,37.3,33873
06037242600,Los Angeles,Census Tract 2426,67.5,12641
06037243000,Los Angeles,Census Tract 2430,34,40117
06037243100,Los Angeles,Census Tract 2431,50,25061
06037292000,Los Angeles,Census Tract 2920,34.2,37361
06037293201,Los Angeles,Census Tract 2932.01,10.6,58750
06037294120,Los Angeles,Census Tract 2941.20,20.7,46556
06037294620,Los Angeles,Census Tract 2946.20,24.2,38973
06037294701,Los Angeles,Census Tract 2947.01,35.5,34868
06037294820,Los Angeles,Census Tract 2948.20,39.2,31042
06037294830,Los Angeles,Census Tract 2948.30,40.3,30281
06037296210,Los Angeles,Census Tract 2962.10,34,28292
06037296220,Los Angeles,Census Tract 2962.20,46.9,25670
06037296500,Los Angeles,Census Tract 2965,29.4,39583
06037296600,Los Angeles,Census Tract 2966,32.9,33267
06037402304,Los Angeles,Census Tract 4023.04,35.9,34104
06037402702,Los Angeles,Census Tract 4027.02,44.6,31513
06037403200,Los Angeles,Census Tract 4032,63.2,-
06037404201,Los Angeles,Census Tract 4042.01,36.1,37353
06037408138,Los Angeles,Census Tract 4081.38,34.1,40038
06037408800,Los Angeles,Census Tract 4088,35.9,38017
06037433302,Los Angeles,Census Tract 4333.02,37.4,27389
06037433403,Los Angeles,Census Tract 4334.03,38.3,34148
06037433501,Los Angeles,Census Tract 4335.01,40,30078
06037433901,Los Angeles,Census Tract 4339.01,36.9,32019
06037501803,Los Angeles,Census Tract 5018.03,37.1,30278
06037530902,Los Angeles,Census Tract 5309.02,35.5,30859
06037531301,Los Angeles,Census Tract 5313.01,37,32635
06037532304,Los Angeles,Census Tract 5323.04,23.6,50134
06037532606,Los Angeles,Census Tract 5326.06,34.7,29688
06037532800,Los Angeles,Census Tract 5328,35,30046
06037532900,Los Angeles,Census Tract 5329,38.6,29541
06037533103,Los Angeles,Census Tract 5331.03,38.2,30030
06037533104,Los Angeles,Census Tract 5331.04,40.8,25202
06037533105,Los Angeles,Census Tract 5331.05,37.1,27045
06037533403,Los Angeles,Census Tract 5334.03,35.4,35787
06037533701,Los Angeles,Census Tract 5337.01,35.9,34044
06037534202,Los Angeles,Census Tract 5342.02,35.4,31351
06037534301,Los Angeles,Census Tract 5343.01,45,31464
06037534404,Los Angeles,Census Tract 5344.04,35.3,27408
06037535002,Los Angeles,Census Tract 5350.02,38,31989
06037535101,Los Angeles,Census Tract 5351.01,34.5,35707
06037535102,Los Angeles,Census Tract 5351.02,39.1,39181
06037540201,Los Angeles,Census Tract 5402.01,43.2,25958
06037540202,Los Angeles,Census Tract 5402.02,36.1,28434
06037540400,Los Angeles,Census Tract 5404,35.7,38178
06037541400,Los Angeles,Census Tract 5414,34.9,37773
06037541603,Los Angeles,Census Tract 5416.03,41.7,28750
06037541604,Los Angeles,Census Tract 5416.04,42.4,28385
06037542105,Los Angeles,Census Tract 5421.05,35,46075
06037542106,Los Angeles,Census Tract 5421.06,31.1,35096
06037542501,Los Angeles,Census Tract 5425.01,34.9,42731
06037542502,Los Angeles,Census Tract 5425.02,39,40186
06037542601,Los Angeles,Census Tract 5426.01,35.4,33864
06037550000,Los Angeles,Census Tract 5500,48.2,76250
06037570603,Los Angeles,Census Tract 5706.03,35.2,28081
06037571600,Los Angeles,Census Tract 5716,68.6,15625
06037571704,Los Angeles,Census Tract 5717.04,36.9,43359
06037572500,Los Angeles,Census Tract 5725,38.2,29954
06037572800,Los Angeles,Census Tract 5728,54.8,27604
06037573002,Los Angeles,Census Tract 5730.02,46.8,25493
06037573004,Los Angeles,Census Tract 5730.04,35.8,31588
06037573300,Los Angeles,Census Tract 5733,38.2,29750
06037575102,Los Angeles,Census Tract 5751.02,40.9,25179
06037575202,Los Angeles,Census Tract 5752.02,35.2,34653
06037575401,Los Angeles,Census Tract 5754.01,40.2,30299
06037575801,Los Angeles,Census Tract 5758.01,46.3,26875
06037575802,Los Angeles,Census Tract 5758.02,40,31406
06037575803,Los Angeles,Census Tract 5758.03,41.4,30988
06037575901,Los Angeles,Census Tract 5759.01,39.6,41339
06037576200,Los Angeles,Census Tract 5762,38.3,30417
06037576401,Los Angeles,Census Tract 5764.01,48.1,27222
06037576403,Los Angeles,Census Tract 5764.03,35,30110
06037576901,Los Angeles,Census Tract 5769.01,41.7,27500
06037600100,Los Angeles,Census Tract 6001,46,24236
06037600202,Los Angeles,Census Tract 6002.02,38.8,28036
06037600303,Los Angeles,Census Tract 6003.03,39.2,36875
06037600304,Los Angeles,Census Tract 6003.04,43.7,27128
06037601202,Los Angeles,Census Tract 6012.02,27.4,43165
06037601700,Los Angeles,Census Tract 6017,40.2,36806
06037601801,Los Angeles,Census Tract 6018.01,37.2,32344
06037602505,Los Angeles,Census Tract 6025.05,40.5,27773
06037602801,Los Angeles,Census Tract 6028.01,34.4,27386
06037604100,Los Angeles,Census Tract 6041,21.7,48017
06037900501,Los Angeles,Census Tract 9005.01,23.6,38455
06037900606,Los Angeles,Census Tract 9006.06,39.7,37641
06037900607,Los Angeles,Census Tract 9006.07,54,25208
06037900703,Los Angeles,Census Tract 9007.03,37.8,30761
06037900704,Los Angeles,Census Tract 9007.04,31.8,33969
06037900806,Los Angeles,Census Tract 9008.06,37.6,30539
06037910402,Los Angeles,Census Tract 9104.02,48.3,28750
06037910403,Los Angeles,Census Tract 9104.03,67,15952
06037910501,Los Angeles,Census Tract 9105.01,68.4,13495
06037910504,Los Angeles,Census Tract 9105.04,39.4,35167
06037910601,Los Angeles,Census Tract 9106.01,34.1,31852
06037910602,Los Angeles,Census Tract 9106.02,41.9,30000
06037980014,Los Angeles,Census Tract 9800.14,45.7,-
06039000103,Madera,Census Tract 1.03,25,61667
06039000202,Madera,Census Tract 2.02,17.2,60542
06039000503,Madera,Census Tract 5.03,9.4,62463
06039000506,Madera,Census Tract 5.06,17.1,55270
06039000800,Madera,Census Tract 8,38.5,28165
06041112201,Marin,Census Tract 1122.01,35.6,28620
06043000101,Mariposa,Census Tract 1.01,23.5,49583
06043000102,Mariposa,Census Tract 1.02,17.7,54885
06045010100,Mendocino,Census Tract 101,31.1,33750
06045011300,Mendocino,Census Tract 113,32,45417
06045011500,Mendocino,Census Tract 115,31.5,50398
06047000503,Merced,Census Tract 5.03,23,61250
06047000602,Merced,Census Tract 6.02,37.8,36611
06047000603,Merced,Census Tract 6.03,36.3,36310
06047001301,Merced,Census Tract 13.01,34.8,35000
06047001302,Merced,Census Tract 13.02,47.1,26957
06047001401,Merced,Census Tract 14.01,35.4,30467
06047001501,Merced,Census Tract 15.01,36.7,45978
06047001601,Merced,Census Tract 16.01,64.5,21350
06047001602,Merced,Census Tract 16.02,35,32091
06047001700,Merced,Census Tract 17,40.2,29392
06047002201,Merced,Census Tract 22.01,42.3,27228
06049000100,Modoc,Census Tract 1,23.2,49787
06049000300,Modoc,Census Tract 3,17.4,45926
06053000400,Monterey,Census Tract 4,29.6,43698
06053000502,Monterey,Census Tract 5.02,16.3,48160
06053001300,Monterey,Census Tract 13,46,23992
06053001802,Monterey,Census Tract 18.02,23.7,56925
06053011302,Monterey,Census Tract 113.02,31.9,32750
06053013500,Monterey,Census Tract 135,30.9,52316
06053013700,Monterey,Census Tract 137,31.7,42232
06053014102,Monterey,Census Tract 141.02,32.3,41429
06053014500,Monterey,Census Tract 145,14.4,53051
06055200202,Napa,Census Tract 2002.02,15.8,51859
06055200804,Napa,Census Tract 2008.04,15.3,63547
06057000600,Nevada,Census Tract 6,31.3,40059
06057000900,Nevada,Census Tract 9,24.1,55060
06059001801,Orange,Census Tract 18.01,38.7,41473
06059011601,Orange,Census Tract 116.01,30.9,34905
06059011602,Orange,Census Tract 116.02,21.9,50236
06059011720,Orange,Census Tract 117.20,33.1,31619
06059011721,Orange,Census Tract 117.21,23.3,44364
06059042107,Orange,Census Tract 421.07,31.7,51500
06059042312,Orange,Census Tract 423.12,25.3,44120
06059063605,Orange,Census Tract 636.05,34,36196
06059063701,Orange,Census Tract 637.01,29.1,39743
06059074403,Orange,Census Tract 744.03,33.7,30192
06059074405,Orange,Census Tract 744.05,35.8,34136
06059074406,Orange,Census Tract 744.06,26,38636
06059074602,Orange,Census Tract 746.02,27.9,39826
06059074802,Orange,Census Tract 748.02,25.9,45873
06059075002,Orange,Census Tract 750.02,38.3,31332
06059075003,Orange,Census Tract 750.03,38.8,28506
06059075100,Orange,Census Tract 751,22.3,42931
06059075201,Orange,Census Tract 752.01,22.8,49500
06059086405,Orange,Census Tract 864.05,30,47284
06059087403,Orange,Census Tract 874.03,35.1,38534
06059087405,Orange,Census Tract 874.05,31.9,34453
06059087505,Orange,Census Tract 875.05,18.7,54417
06059087803,Orange,Census Tract 878.03,35.6,35117
06059088201,Orange,Census Tract 882.01,33,41087
06059089104,Orange,Census Tract 891.04,32,36688
06059089105,Orange,Census Tract 891.05,26.7,40448
06059099402,Orange,Census Tract 994.02,41.5,35407
06061020401,Placer,Census Tract 204.01,26.6,36328
06061020901,Placer,Census Tract 209.01,29.3,40815
06061021603,Placer,Census Tract 216.03,21.3,37472
06063000202,Plumas,Census Tract 2.02,22.7,71154
06063000400,Plumas,Census Tract 4,15.5,49241
06065030103,Riverside,Census Tract 301.03,37.5,38229
06065030300,Riverside,Census Tract 303,33,47321
06065030400,Riverside,Census Tract 304,36.7,37656
06065030501,Riverside,Census Tract 305.01,38.2,34663
06065030502,Riverside,Census Tract 305.02,29.8,36364
06065031300,Riverside,Census Tract 313,33.5,33047
06065040203,Riverside,Census Tract 402.03,35.6,35313
06065041101,Riverside,Census Tract 411.01,35.6,32200
06065041410,Riverside,Census Tract 414.10,37.5,27043
06065041703,Riverside,Census Tract 417.03,35,30239
06065042010,Riverside,Census Tract 420.10,34.4,34875
06065042209,Riverside,Census Tract 422.09,41.9,50130
06065042210,Riverside,Census Tract 422.10,37.7,43565
06065042404,Riverside,Census Tract 424.04,38.2,39167
06065042505,Riverside,Census Tract 425.05,41,30750
06065042506,Riverside,Census Tract 425.06,18.9,55176
06065042514,Riverside,Census Tract 425.14,34.4,40855
06065042515,Riverside,Census Tract 425.15,40.1,27768
06065042723,Riverside,Census Tract 427.23,36.2,38352
06065042800,Riverside,Census Tract 428,37.8,32551
06065042903,Riverside,Census Tract 429.03,34.2,44766
06065042904,Riverside,Census Tract 429.04,44.7,29549
06065043307,Riverside,Census Tract 433.07,36.8,31250
06065043310,Riverside,Census Tract 433.10,33.8,35849
06065043401,Riverside,Census Tract 434.01,43.7,26922
06065043403,Riverside,Census Tract 434.03,39.4,32075
06065043405,Riverside,Census Tract 434.05,42.3,22151
06065043601,Riverside,Census Tract 436.01,38.3,31838
06065043602,Riverside,Census Tract 436.02,33.6,33531
06065044101,Riverside,Census Tract 441.01,34,33750
06065044200,Riverside,Census Tract 442,42.9,31385
06065044507,Riverside,Census Tract 445.07,43.6,31031
06065044509,Riverside,Census Tract 445.09,48.9,24886
06065044510,Riverside,Census Tract 445.10,37.5,29816
06065044702,Riverside,Census Tract 447.02,33.8,32906
06065044915,Riverside,Census Tract 449.15,34.7,34579
06065045000,Riverside,Census Tract 450,33.5,35341
06065045303,Riverside,Census Tract 453.03,45.2,31908
06065045502,Riverside,Census Tract 455.02,33.8,38875
06065045604,Riverside,Census Tract 456.04,39.8,28196
06065045605,Riverside,Census Tract 456.05,41,31232
06065045609,Riverside ,Census Tract 456.09,39.8,26517
06065045703,Riverside ,Census Tract 457.03,33.7,33814
06065045705,Riverside ,Census Tract 457.05,50,28360
06065045706,Riverside ,Census Tract 457.06,36.7,33056
06065046102,Riverside,Census Tract 461.02,40.9,32500
06065046200,Riverside,Census Tract 462,39.5,30536
06065046500,Riverside,Census Tract 465,56.1,24688
06065051100,Riverside,Census Tract 511,12.9,53987
06067000500,Sacramento,Census Tract 5,34.3,37885
06067000700,Sacramento,Census Tract 7,44.2,18000
06067001101,Sacramento,Census Tract 11.01,34.6,(X)
06067002100,Sacramento,Census Tract 21,29.9,41912
06067002200,Sacramento,Census Tract 22,46.4,30274
06067002800,Sacramento,Census Tract 28,43.1,27639
06067003700,Sacramento,Census Tract 37,39,27168
06067004100,Sacramento,Census Tract 41,37.9,31756
06067004203,Sacramento,Census Tract 42.03,42.8,28981
06067004402,Sacramento,Census Tract 44.02,47.8,29148
06067004501,Sacramento,Census Tract 45.01,41.6,23564
06067004502,Sacramento,Census Tract 45.02,41.6,26301
06067004601,Sacramento,Census Tract 46.01,42.4,29223
06067004701,Sacramento,Census Tract 47.01,45,42984
06067004802,Sacramento,Census Tract 48.02,37.9,37939
06067004903,Sacramento,Census Tract 49.03,41.3,33681
06067004905,Sacramento,Census Tract 49.05,33.1,26977
06067005101,Sacramento,Census Tract 51.01,37,36185
06067005205,Sacramento,Census Tract 52.05,41.8,29583
06067005301,Sacramento,Census Tract 53.01,75.2,14773
06067005502,Sacramento,Census Tract 55.02,31.8,28574
06067005505,Sacramento,Census Tract 55.05,39,28194
06067005601,Sacramento,Census Tract 56.01,27.4,55385
06067005605,Sacramento,Census Tract 56.05,29.6,44200
06067006201,Sacramento,Census Tract 62.01,42.9,29783
06067006202,Sacramento,Census Tract 62.02,36.9,28646
06067006300,Sacramento,Census Tract 63,39,31625
06067006500,Sacramento,Census Tract 65,38.2,39821
06067006600,Sacramento,Census Tract 66,37.4,33724
06067006702,Sacramento,Census Tract 67.02,43.6,31771
06067006900,Sacramento,Census Tract 69,33.8,26861
06067007004,Sacramento,Census Tract 70.04,29.8,34907
06067007019,Sacramento,Census Tract 70.19,35.7,31463
06067007204,Sacramento,Census Tract 72.04,16.8,55783
06067007301,Sacramento,Census Tract 73.01,35,35302
06067007423,Sacramento,Census Tract 74.23,42.2,26875
06067008909,Sacramento,Census Tract 89.09,35,43500
06067008910,Sacramento,Census Tract 89.10,21.4,60066
06067008911,Sacramento,Census Tract 89.11,41.5,31538
06067009006,Sacramento,Census Tract 90.06,17.9,36837
06067009201,Sacramento,Census Tract 92.01,17.1,52667
06067009634,Sacramento,Census Tract 96.34,38.5,30608
06067009800,Sacramento,Census Tract 98,24.3,55481
06069000200,San Benito,Census Tract 2,20,64524
06069000701,San Benito,Census Tract 7.01,17.7,56667
06071000823,San Bernardino ,Census Tract 8.23,34,37598
06071001400,San Bernardino,Census Tract 14,17.5,50078
06071001503,San Bernardino,Census Tract 15.03,38.3,32342
06071001504,San Bernardino,Census Tract 15.04,34,46818
06071001600,San Bernardino,Census Tract 16,39.6,28462
06071002804,San Bernardino,Census Tract 28.04,45.2,28714
06071003000,San Bernardino,Census Tract 30,29.7,30375
06071003102,San Bernardino,Census Tract 31.02,34.9,33186
06071003510,San Bernardino,Census Tract 35.10,38.1,35833
06071003606,San Bernardino,Census Tract 36.06,22.9,46597
06071003609,San Bernardino,Census Tract 36.09,21.6,47606
06071003612,San Bernardino,Census Tract 36.12,17.7,50339
06071003700,San Bernardino,Census Tract 37,41.7,29152
06071004201,San Bernardino,Census Tract 42.01,39.7,31738
06071004202,San Bernardino,Census Tract 42.02,35.3,40610
06071004302,San Bernardino,Census Tract 43.02,25.9,33945
06071004404,San Bernardino,Census Tract 44.04,34.7,36131
06071004507,San Bernardino,Census Tract 45.07,36.1,35341
06071004604,San Bernardino ,Census Tract 46.04,36.1,38792
06071004700,San Bernardino,Census Tract 47,31.4,34755
06071004800,San Bernardino,Census Tract 48,40.2,30222
06071004900,San Bernardino,Census Tract 49,40.5,26378
06071005400,San Bernardino,Census Tract 54,40.9,33580
06071005500,San Bernardino,Census Tract 55,59.8,16196
06071005600,San Bernardino,Census Tract 56,64.9,17601
06071005701,San Bernardino,Census Tract 57.01,60.4,18117
06071005800,San Bernardino,Census Tract 58,48.4,22250
06071006203,San Bernardino,Census Tract 62.03,42.2,28990
06071006204,San Bernardino ,Census Tract 62.04,48.3,25789
06071006301,San Bernardino,Census Tract 63.01,39.1,37500
06071006302,San Bernardino,Census Tract 63.02,33.5,32012
06071006401,San Bernardino,Census Tract 64.01,60.6,20560
06071006402,San Bernardino,Census Tract 64.02,48.3,33289
06071006500,San Bernardino,Census Tract 65,51.4,22686
06071007107,San Bernardino,Census Tract 71.07,34.3,27703
06071007200,San Bernardino ,Census Tract 72,39.4,36563
06071007303,San Bernardino ,Census Tract 73.03,43.9,24094
06071007407,San Bernardino ,Census Tract 74.07,49.7,21844
06071007601,San Bernardino,Census Tract 76.01,41.5,24579
06071008002,San Bernardino,Census Tract 80.02,38.8,31390
06071008710,San Bernardino ,Census Tract 87.10,37,32083
06071009112,San Bernardino ,Census Tract 91.12,37.5,36970
06071009116,San Bernardino ,Census Tract 91.16,58.5,16904
06071009117,San Bernardino ,Census Tract 91.17,47.2,21979
06071009400,San Bernardino ,Census Tract 94,56,25524
06071009500,San Bernardino,Census Tract 95,38,37660
06071009716,San Bernardino ,Census Tract 97.16,40.6,30638
06071009800,San Bernardino ,Census Tract 98,43.8,27150
06071009904,San Bernardino ,Census Tract 99.04,36.8,37945
06071009905,San Bernardino ,Census Tract 99.05,42.4,31505
06071009912,San Bernardino,Census Tract 99.12,38.7,25449
06071009913,San Bernardino ,Census Tract 99.13,36.6,38080
06071010014,San Bernardino ,Census Tract 100.14,38.7,32183
06071010423,San Bernardino ,Census Tract 104.23,34.8,34886
06071010700,San Bernardino,Census Tract 107,27.3,36154
06071012400,San Bernardino,Census Tract 124,24.1,41875
06071012500,San Bernardino,Census Tract 125,28,29774
06073000900,San Diego,Census Tract 9,23.2,43047
06073001600,San Diego,Census Tract 16,28.3,34423
06073002201,San Diego,Census Tract 22.01,44.2,29247
06073002202,San Diego,Census Tract 22.02,45.4,25720
06073002301,San Diego,Census Tract 23.01,35.8,27746
06073002302,San Diego,Census Tract 23.02,38.2,28010
06073002401,San Diego,Census Tract 24.01,24.9,45795
06073002601,San Diego,Census Tract 26.01,44.9,27361
06073002707,San Diego,Census Tract 27.07,34.6,30364
06073002708,San Diego,Census Tract 27.08,43.5,28217
06073002709,San Diego,Census Tract 27.09,48.2,28750
06073002710,San Diego,Census Tract 27.10,35.3,31983
06073003001,San Diego,Census Tract 30.01,14.9,62524
06073003004,San Diego,Census Tract 30.04,20.2,47333
06073003101,San Diego,Census Tract 31.01,15.4,56375
06073003111,San Diego,Census Tract 31.11,30,41771
06073003303,San Diego,Census Tract 33.03,43.8,35278
06073003304,San Diego,Census Tract 33.04,40.4,36223
06073003305,San Diego,Census Tract 33.05,38.1,22483
06073003401,San Diego,Census Tract 34.01,10.1,56719
06073003404,San Diego,Census Tract 34.04,31.5,37255
06073003501,San Diego,Census Tract 35.01,39.2,35300
06073003502,San Diego,Census Tract 35.02,41.8,26949
06073003601,San Diego,Census Tract 36.01,42.1,27386
06073003602,San Diego,Census Tract 36.02,27,39107
06073003901,San Diego,Census Tract 39.01,50.4,23582
06073003902,San Diego,Census Tract 39.02,40.5,30000
06073004000,San Diego,Census Tract 40,32.9,33295
06073004100,San Diego,Census Tract 41,28.5,34938
06073004700,San Diego,Census Tract 47,42.6,24931
06073004800,San Diego,Census Tract 48,42,31078
06073004900,San Diego,Census Tract 49,49.5,25363
06073005000,San Diego,Census Tract 50,41.9,25125
06073005100,San Diego,Census Tract 51,48.9,28316
06073010013,San Diego,Census Tract 100.13,34.2,31048
06073011700,San Diego,Census Tract 117,31.1,27341
06073011801,San Diego,Census Tract 118.01,34.4,33000
06073013104,San Diego,Census Tract 131.04,22.8,38083
06073013205,San Diego,Census Tract 132.05,24.2,31164
06073013206,San Diego,Census Tract 132.06,20.6,37900
06073015701,San Diego,Census Tract 157.01,34.7,32040
06073015703,San Diego,Census Tract 157.03,38.6,22524
06073015801,San Diego,Census Tract 158.01,42,31406
06073015802,San Diego,Census Tract 158.02,34,31076
06073015901,San Diego,Census Tract 159.01,35.4,31898
06073019503,San Diego,Census Tract 195.03,23,42669
06073020214,San Diego,Census Tract 202.14,45.7,27755
06075017902,San Francisco,Census Tract 179.02,51.8,26875
06075023103,San Francisco,Census Tract 231.03,39.3,21144
06075023400,San Francisco,Census Tract 234,23.8,36488
06075026001,San Francisco,Census Tract 260.01,14,64946
06075026004,San Francisco,Census Tract 260.04,9.1,66422
06075026100,San Francisco,Census Tract 261,11.6,67778
06075026301,San Francisco,Census Tract 263.01,13.5,56438
06075026404,San Francisco,Census Tract 264.04,16.2,51100
06075060502,San Francisco,Census Tract 605.02,41.8,24269
06075061200,San Francisco,Census Tract 612,16.1,56167
06075980600,San Francisco,Census Tract 9806,37.4,(X)
06077000100,San Joaquin,Census Tract 1,58.4,16221
06077000300,San Joaquin,Census Tract 3,41.7,26607
06077000402,San Joaquin,Census Tract 4.02,47.3,19091
06077000500,San Joaquin,Census Tract 5,45.1,29226
06077000600,San Joaquin,Census Tract 6,43.9,28171
06077000700,San Joaquin,Census Tract 7,53.9,21657
06077000801,San Joaquin,Census Tract 8.01,28.9,47594
06077000900,San Joaquin,Census Tract 9,36,33596
06077001200,San Joaquin,Census Tract 12,20.6,75735
06077001500,San Joaquin,Census Tract 15,34.2,36645
06077001600,San Joaquin,Census Tract 16,36.9,24425
06077001900,San Joaquin,Census Tract 19,41.2,29558
06077002100,San Joaquin,Census Tract 21,31.6,40264
06077002201,San Joaquin,Census Tract 22.01,39.4,30321
06077002202,San Joaquin,Census Tract 22.02,36.8,27992
06077002800,San Joaquin,Census Tract 28,14.9,56151
06077003307,San Joaquin,Census Tract 33.07,42.1,28031
06077003700,San Joaquin,Census Tract 37,34.1,27333
06077003803,San Joaquin,Census Tract 38.03,28,50494
06077004403,San Joaquin,Census Tract 44.03,36.4,24511
06079010102,San Luis Obispo,Census Tract 101.02,23,43600
06079010902,San Luis Obispo,Census Tract 109.02,69.9,67692
06079012200,San Luis Obispo,Census Tract 122,21.2,49861
06081600200,San Mateo,Census Tract 6002,15.9,66776
06081610201,San Mateo,Census Tract 6102.01,23.6,47159
06081610500,San Mateo,Census Tract 6105,28.1,50597
06081612100,San Mateo,Census Tract 6121,23.5,52797
06083002101,Santa Barbara,Census Tract 21.01,41.7,41250
06083002403,Santa Barbara,Census Tract 24.03,37.4,31986
06083002404,Santa Barbara,Census Tract 24.04,29.5,31760
06083002502,Santa Barbara,Census Tract 25.02,19,44385
06083002702,Santa Barbara,Census Tract 27.02,30.5,31149
06083002705,Santa Barbara,Census Tract 27.05,32,37636
06083002706,Santa Barbara,Census Tract 27.06,29.3,37130
06085500800,Santa Clara,Census Tract 5008,12.7,75455
06085500901,Santa Clara,Census Tract 5009.01,31.7,59766
06085501000,Santa Clara,Census Tract 5010,23.3,55362
06085501401,Santa Clara,Census Tract 5014.01,14.8,44049
06085501600,Santa Clara,Census Tract 5016,25.4,53095
06085503110,Santa Clara,Census Tract 5031.10,29.5,35580
06085503122,Santa Clara,Census Tract 5031.22,28.9,33125
06085503305,Santa Clara,Census Tract 5033.05,11.8,61571
06085503401,Santa Clara,Census Tract 5034.01,9.7,58235
06085503601,Santa Clara,Census Tract 5036.01,17.3,51250
06085505100,Santa Clara,Census Tract 5051,14.3,81176
06085512603,Santa Clara,Census Tract 5126.03,34,36518
06085512604,Santa Clara,Census Tract 5126.04,30.1,38867
06087100800,Santa Cruz,Census Tract 1008,26.9,67361
06087101000,Santa Cruz,Census Tract 1010,44.3,35161
06087121402,Santa Cruz,Census Tract 1214.02,22.2,62716
06087121600,Santa Cruz,Census Tract 1216,14.4,61894
06089010100,Shasta,Census Tract 101,34.1,32880
06089010200,Shasta,Census Tract 102,28.9,55921
06089010704,Shasta,Census Tract 107.04,34.7,40347
06089011209,Shasta,Census Tract 112.09,30.6,32464
06089012000,Shasta,Census Tract 120,30.9,37944
06089012500,Shasta,Census Tract 125,31.9,50096
06091010000,Sierra,Census Tract 100,14.6,72893
06093000500,Siskiyou,Census Tract 5,33.7,39737
06093000702,Siskiyou,Census Tract 7.02,36,25969
06093000703,Siskiyou,Census Tract 7.03,31.4,55065
06095250801,Solano,Census Tract 2508.01,20,61106
06095250900,Solano,Census Tract 2509,59.2,14722
06095251100,Solano,Census Tract 2511,42.3,48411
06095251500,Solano,Census Tract 2515,31.7,30408
06095251600,Solano,Census Tract 2516,41.9,24214
06095251802,Solano,Census Tract 2518.02,39.1,26806
06095252605,Solano,Census Tract 2526.05,29.1,40117
06095252606,Solano,Census Tract 2526.06,33.4,51771
06095252607,Solano,Census Tract 2526.07,34.5,35208
06097150305,Sonoma,Census Tract 1503.05,25.1,53207
06097152000,Sonoma,Census Tract 1520,27.2,45000
06097153104,Sonoma,Census Tract 1531.04,32.3,45438
06099001400,Stanislaus,Census Tract 14,36,36133
06099001603,Stanislaus,Census Tract 16.03,40.7,35601
06099001604,Stanislaus,Census Tract 16.04,41.1,25586
06099001700,Stanislaus,Census Tract 17,46.1,29125
06099001800,Stanislaus,Census Tract 18,34.3,34167
06099002002,Stanislaus,Census Tract 20.02,40.7,34844
06099002100,Stanislaus,Census Tract 21,35.6,33448
06099002200,Stanislaus,Census Tract 22,42.1,26452
06099002301,Stanislaus,Census Tract 23.01,36.6,37801
06099002402,Stanislaus,Census Tract 24.02,46,28299
06099002501,Stanislaus,Census Tract 25.01,14.6,48327
06099002602,Stanislaus,Census Tract 26.02,26.7,41039
06099003002,Stanislaus,Census Tract 30.02,29.3,43073
06099003201,Stanislaus ,Census Tract 32.01,34.3,43640
06099003400,Stanislaus,Census Tract 34,33.3,36250
06099003802,Stanislaus ,Census Tract 38.02,40,24659
06099003803,Stanislaus ,Census Tract 38.03,25.7,46250
06101050102,Sutter,Census Tract 501.02,24.2,37656
06101050201,Sutter,Census Tract 502.01,38.6,26563
06101050202,Sutter,Census Tract 502.02,33.3,32171
06101050302,Sutter,Census Tract 503.02,30.6,38492
06103001100,Tehama,Census Tract 11,28.3,42688
06105000101,Trinity,Census Tract 1.01,26.7,50903
06105000300,Trinity,Census Tract 3,22.9,32352
06107000201,Tulare,Census Tract 2.01,35.2,32432
06107000302,Tulare,Census Tract 3.02,43,28512
06107000502,Tulare,Census Tract 5.02,23.3,41324
06107000900,Tulare,Census Tract 9,31.2,34517
06107001003,Tulare,Census Tract 10.03,19.6,83819
06107001100,Tulare,Census Tract 11,56.8,23513
06107001400,Tulare,Census Tract 14,15.3,52500
06107002202,Tulare,Census Tract 22.02,41.1,27917
06107002800,Tulare,Census Tract 28,54.5,21449
06107002901,Tulare,Census Tract 29.01,40.6,28576
06107003200,Tulare,Census Tract 32,39.2,31028
06107003400,Tulare,Census Tract 34,37.5,35420
06107003802,Tulare,Census Tract 38.02,43.9,26139
06107004101,Tulare,Census Tract 41.01,42.1,30183
06107004102,Tulare,Census Tract 41.02,45.2,26319
06107004200,Tulare,Census Tract 42,53.7,27877
06107004300,Tulare,Census Tract 43,47,29568
06109001200,Tuolumne,Census Tract 12,34.8,39397
06109004200,Tuolumne,Census Tract 42,15.1,51518
06111000304,Ventura,Census Tract 3.04,38,51782
06111000600,Ventura,Census Tract 6,37.3,34402
06111001302,Ventura,Census Tract 13.02,25.6,45833
06111003201,Ventura,Census Tract 32.01,37,30880
06111004305,Ventura,Census Tract 43.05,12.6,50900
06111004715,Ventura,Census Tract 47.15,11.3,60870
06111004902,Ventura,Census Tract 49.02,32,37526
06111009100,Ventura,Census Tract 91,27.4,36154
06113010101,Yolo,Census Tract 101.01,32.3,44511
06113010201,Yolo,Census Tract 102.01,20.9,58068
06113010203,Yolo,Census Tract 102.03,38.1,28574
06113010204,Yolo,Census Tract 102.04,28.9,43551
06113010602,Yolo,Census Tract 106.02,35.4,77273
06113010800,Yolo,Census Tract 108,19.8,50566
06113011102,Yolo,Census Tract 111.02,23.5,50504
06115040301,Yuba,Census Tract 403.01,44.1,19407
06115040302,Yuba,Census Tract 403.02,38,32464
06115040400,Yuba,Census Tract 404,44.5,28241